{"cameraMode":{"drawMode":0,"name":"Shaded","section":"Shading Mode"},"sceneLighting":true,"audioPlay":false,"sceneViewState":{"m_AlwaysRefresh":false,"showFog":true,"showSkybox":true,"showFlares":true,"showImageEffects":true,"showParticleSystems":true,"showVisualEffectGraphs":true,"m_FxEnabled":true},"in2DMode":false,"pivot":{"x":-2.608849287033081,"y":-0.2864967882633209,"z":-0.9447120428085327},"rotation":{"x":0.5186752080917358,"y":-0.015387805178761483,"z":0.009337205439805985,"w":0.8547826409339905},"size":16.492679595947267,"orthographic":true}