{"cameraMode":{"drawMode":0,"name":"Shaded","section":"Shading Mode"},"sceneLighting":true,"audioPlay":false,"sceneViewState":{"m_AlwaysRefresh":false,"showFog":true,"showSkybox":true,"showFlares":true,"showImageEffects":true,"showParticleSystems":true,"showVisualEffectGraphs":true,"m_FxEnabled":true},"in2DMode":false,"pivot":{"x":-3.1846022605895998,"y":-8.183479309082032,"z":-2.5002026557922365},"rotation":{"x":0.18783199787139893,"y":-0.021505558863282205,"z":0.004114150535315275,"w":0.9819604754447937},"size":17.8216552734375,"orthographic":true}