{"cameraMode":{"drawMode":0,"name":"Shaded","section":"Shading Mode"},"sceneLighting":true,"audioPlay":false,"sceneViewState":{"m_AlwaysRefresh":false,"showFog":true,"showSkybox":true,"showFlares":true,"showImageEffects":true,"showParticleSystems":true,"showVisualEffectGraphs":true,"m_FxEnabled":true},"in2DMode":false,"pivot":{"x":-6.176921844482422,"y":-7.627737045288086,"z":2.1845321655273439},"rotation":{"x":-0.7101429104804993,"y":0.014145531691610814,"z":-0.014268727973103524,"w":-0.7037783265113831},"size":26.828706741333009,"orthographic":true}